<?xml version="1.0" encoding="UTF-8"?>
<jcr:root xmlns:sling="http://sling.apache.org/jcr/sling/1.0" xmlns:cq="http://www.day.com/jcr/cq/1.0" xmlns:jcr="http://www.jcp.org/jcr/1.0" xmlns:nt="http://www.jcp.org/jcr/nt/1.0"
    cq:rewriteRanking="3"
    jcr:primaryType="nt:unstructured">
    <patterns jcr:primaryType="nt:unstructured">
        <container
            jcr:primaryType="nt:unstructured"
            sling:resourceType="granite/ui/components/foundation/container">
            <layout
                jcr:primaryType="nt:unstructured"
                sling:resourceType="granite/ui/components/foundation/layouts/tabs"/>
            <items jcr:primaryType="nt:unstructured"/>
        </container>
        <section
            jcr:primaryType="nt:unstructured"
            sling:resourceType="granite/ui/components/foundation/section">
            <layout
                jcr:primaryType="nt:unstructured"
                sling:resourceType="granite/ui/components/foundation/layouts/tabs"/>
            <items jcr:primaryType="nt:unstructured"/>
        </section>
    </patterns>
    <replacement
        cq:rewriteCommonAttrs="{Boolean}true"
        cq:rewriteRenderCondition="{Boolean}true"
        jcr:primaryType="nt:unstructured">
        <tabs
            cq:rewriteFinal="{Boolean}true"
            jcr:primaryType="nt:unstructured"
            sling:resourceType="granite/ui/components/coral/foundation/tabs">
            <items
                cq:rewriteFinal="{Boolean}true"
                cq:rewriteMapChildren="./items"
                jcr:primaryType="nt:unstructured"/>
        </tabs>
    </replacement>
</jcr:root>
