<?xml version="1.0" encoding="UTF-8"?>
<jcr:root xmlns:sling="http://sling.apache.org/jcr/sling/1.0" xmlns:cq="http://www.day.com/jcr/cq/1.0" xmlns:jcr="http://www.jcp.org/jcr/1.0" xmlns:nt="http://www.jcp.org/jcr/nt/1.0"
    cq:rewriteRanking="4"
    jcr:primaryType="nt:unstructured">
    <patterns jcr:primaryType="nt:unstructured">
        <panel/>
        <panel1/>
        <panel2
            jcr:primaryType="nt:unstructured"
            xtype="panel">
            <items
                cq:rewriteOptional="{Boolean}true"
                jcr:primaryType="cq:WidgetCollection"/>
        </panel2>
    </patterns>
    <replacement jcr:primaryType="nt:unstructured">
        <fixedcolumns
            cq:rewriteFinal="{Boolean}true"
            jcr:primaryType="nt:unstructured"
            jcr:title="${./title}"
            sling:resourceType="granite/ui/components/coral/foundation/fixedcolumns">
            <items
                cq:rewriteFinal="{Boolean}true"
                jcr:primaryType="nt:unstructured">
                <column
                    cq:rewriteFinal="{Boolean}true"
                    jcr:primaryType="nt:unstructured"
                    sling:resourceType="granite/ui/components/foundation/container">
                    <items
                        cq:rewriteFinal="{Boolean}true"
                        cq:rewriteMapChildren="./items"
                        jcr:primaryType="nt:unstructured"/>
                </column>
            </items>
        </fixedcolumns>
    </replacement>
</jcr:root>
