<?xml version="1.0" encoding="UTF-8"?>
<jcr:root xmlns:cq="http://www.day.com/jcr/cq/1.0" xmlns:jcr="http://www.jcp.org/jcr/1.0" xmlns:nt="http://www.jcp.org/jcr/nt/1.0"
    jcr:primaryType="cq:Dialog"
    helpPath="en/cq/current/wcm/default_components.html#List"
    title="Classic Sample Dialog"
    xtype="dialog">
    <items jcr:primaryType="cq:WidgetCollection">
        <tabs jcr:primaryType="cq:TabPanel">
            <items jcr:primaryType="cq:WidgetCollection">
                <input
                    jcr:primaryType="cq:Widget"
                    title="Input"
                    xtype="panel">
                    <items jcr:primaryType="cq:WidgetCollection">
                        <textfield
                            jcr:primaryType="cq:Widget"
                            fieldDescription="Textfield description"
                            fieldLabel="Textfield label"
                            name="./textfield-name"
                            xtype="textfield"/>
                        <textarea
                            jcr:primaryType="cq:Widget"
                            fieldDescription="Textarea description"
                            fieldLabel="Textarea label"
                            name="./textarea-name"
                            xtype="textarea"/>
                        <hidden
                            jcr:primaryType="cq:Widget"
                            name="hidden-name"
                            value="./hidden-value"
                            xtype="hidden"/>
                        <pathfield
                            jcr:primaryType="cq:Widget"
                            fieldDescription="Pathfield description"
                            fieldLabel="Pathfield label"
                            name="./pathfield-name"
                            rootPath="/apps"
                            xtype="pathfield"/>
                        <colorfield
                            jcr:primaryType="cq:Widget"
                            defaultValue="fff"
                            fieldDescription="Colorfield description"
                            fieldLabel="Colorfield label"
                            name="./colorfield-name"
                            xtype="colorfield"/>
                        <multifield
                            jcr:primaryType="cq:Widget"
                            fieldDescription="Multifield description"
                            fieldLabel="Multifield label"
                            name="./multifield-name"
                            xtype="multifield"/>
                        <fieldConfig
                            jcr:primaryType="nt:unstructured"
                            xtype="textfield"/>
                        <numberfield
                            jcr:primaryType="cq:Widget"
                            fieldDescription="Numberfield description"
                            fieldLabel="Numberfield label"
                            name="./numberfield-name"
                            xtype="numberfield"/>
                        <datetime
                            jcr:primaryType="cq:Widget"
                            fieldDescription="Datetime description"
                            fieldLabel="Datetime label"
                            name="./datetime-name"
                            xtype="datetime"/>
                        <password
                            jcr:primaryType="cq:Widget"
                            fieldDescription="Password description"
                            fieldLabel="Password label"
                            name="./password-name"
                            xtype="password"/>
                        <sizefield
                            jcr:primaryType="cq:Widget"
                            fieldLabel="Sizefield label"
                            name="./sizefield-name"
                            xtype="sizefield"/>
                    </items>
                </input>
                <selection
                    jcr:primaryType="cq:Widget"
                    title="Selection"
                    xtype="panel">
                    <items jcr:primaryType="cq:WidgetCollection">
                        <select
                            jcr:primaryType="cq:Widget"
                            fieldDescription="Select description"
                            fieldLabel="Select label"
                            name="./select-name"
                            type="select"
                            xtype="selection">
                            <options jcr:primaryType="cq:WidgetCollection">
                                <option1
                                    jcr:primaryType="nt:unstructured"
                                    text="Select option 1"
                                    value="select-option-1"/>
                                <option2
                                    jcr:primaryType="nt:unstructured"
                                    text="Select option 2"
                                    value="select-option-2"/>
                                <option3
                                    jcr:primaryType="nt:unstructured"
                                    text="Select option 3"
                                    value="select-option-3"/>
                            </options>
                        </select>
                        <combobox
                            jcr:primaryType="cq:Widget"
                            fieldDescription="Combobox description"
                            fieldLabel="Combobox label"
                            name="./ombobox-name"
                            type="combobox"
                            xtype="selection">
                            <options jcr:primaryType="cq:WidgetCollection">
                                <option1
                                    jcr:primaryType="nt:unstructured"
                                    text="Combobox option 1"/>
                                <option2
                                    jcr:primaryType="nt:unstructured"
                                    text="Combobox option 2"/>
                                <option3
                                    jcr:primaryType="nt:unstructured"
                                    text="Combobox option 3"/>
                            </options>
                        </combobox>
                        <tags
                            jcr:primaryType="cq:Widget"
                            fieldDescription="Tags description"
                            fieldLabel="Tags label"
                            name="./tags-name"
                            xtype="tags"/>
                        <checkbox
                            jcr:primaryType="cq:Widget"
                            fieldDescription="Checkbox description"
                            fieldLabel="Checkbox label"
                            name="./checkbox-name"
                            type="checkbox"
                            xtype="selection"/>
                        <radiogroup
                            jcr:primaryType="cq:Widget"
                            fieldLabel="Radiogroup label"
                            name="./radiogroup"
                            xtype="radiogroup">
                            <items jcr:primaryType="cq:WidgetCollection">
                                <radio1
                                    jcr:primaryType="cq:Widget"
                                    fieldLabel="Radio 1 label"
                                    name="./radiogroup"
                                    value="radio-1-value"
                                    xtype="radio"/>
                                <radio2
                                    jcr:primaryType="cq:Widget"
                                    fieldLabel="Radio 2 label"
                                    name="./radiogroup"
                                    value="radio-2-value"
                                    xtype="radio"/>
                            </items>
                        </radiogroup>
                        <button
                            jcr:primaryType="cq:Widget"
                            text="Button"
                            xtype="button"/>
                    </items>
                </selection>
                <other
                    jcr:primaryType="cq:Widget"
                    title="Other"
                    xtype="panel">
                    <items jcr:primaryType="cq:WidgetCollection">
                        <fieldset
                            jcr:primaryType="cq:Widget"
                            title="Fieldset title"
                            xtype="fieldset">
                            <items jcr:primaryType="cq:WidgetCollection">
                                <textfield
                                    jcr:primaryType="cq:Widget"
                                    fieldDescription="Textfield description (fieldset)"
                                    fieldLabel="Textfield label (fieldset)"
                                    xtype="textfield"/>
                            </items>
                        </fieldset>
                        <fileupload
                            jcr:primaryType="cq:Widget"
                            fieldDescription="Fileupload description"
                            fieldLabel="Fileupload label"
                            name="./fileupload-name"
                            xtype="fileuploadfield"/>
                    </items>
                </other>
            </items>
        </tabs>
    </items>
</jcr:root>
