<?xml version="1.0" encoding="UTF-8"?>
<jcr:root xmlns:sling="http://sling.apache.org/jcr/sling/1.0" xmlns:granite="http://www.adobe.com/jcr/granite/1.0" xmlns:cq="http://www.day.com/jcr/cq/1.0" xmlns:jcr="http://www.jcp.org/jcr/1.0" xmlns:nt="http://www.jcp.org/jcr/nt/1.0"
    jcr:primaryType="nt:unstructured">
    <classic jcr:primaryType="nt:unstructured">
        <design_dialog/>
        <dialog/>
    </classic>
    <coral2 jcr:primaryType="nt:unstructured">
        <cq:dialog
            jcr:primaryType="nt:unstructured"
            jcr:title="Coral 2 Sample Dialog"
            sling:resourceType="cq/gui/components/authoring/dialog"
            helpPath="https://www.adobe.com/go/aem6_2_docs_component_en">
            <content
                jcr:primaryType="nt:unstructured"
                sling:resourceType="granite/ui/components/foundation/container">
                <layout
                    jcr:primaryType="nt:unstructured"
                    sling:resourceType="granite/ui/components/foundation/layouts/tabs"
                    type="nav"/>
                <items
                    jcr:primaryType="nt:unstructured"
                    sling:hideChildren="[column]">
                    <form
                        jcr:primaryType="nt:unstructured"
                        jcr:title="Form"
                        sling:resourceType="granite/ui/components/foundation/section">
                        <layout
                            jcr:primaryType="nt:unstructured"
                            sling:resourceType="granite/ui/components/foundation/layouts/fixedcolumns"
                            margin="{Boolean}false"/>
                        <items jcr:primaryType="nt:unstructured">
                            <column
                                jcr:primaryType="nt:unstructured"
                                sling:resourceType="granite/ui/components/foundation/container">
                                <items jcr:primaryType="nt:unstructured">
                                    <actionfield
                                        jcr:primaryType="nt:unstructured"
                                        sling:resourceType="granite/ui/components/foundation/container">
                                        <layout
                                            jcr:primaryType="nt:unstructured"
                                            sling:resourceType="granite/ui/components/foundation/form/layouts/actionfield"/>
                                        <field
                                            jcr:primaryType="nt:unstructured"
                                            sling:resourceType="granite/ui/components/foundation/form/textfield"
                                            emptyText="Actionfield empty text"
                                            fieldDescription="Actionfield field description"
                                            fieldLabel="Actionfield field label"
                                            maxlength="40"
                                            name="./actionfield-name"
                                            value="Actionfield value"/>
                                        <action
                                            jcr:primaryType="nt:unstructured"
                                            sling:resourceType="granite/ui/components/foundation/form/submit"
                                            text="Actionfield action"
                                            variant="primary"/>
                                    </actionfield>
                                    <autocomplete
                                        jcr:primaryType="nt:unstructured"
                                        sling:resourceType="granite/ui/components/foundation/form/autocomplete"
                                        emptyText="Autocomplete empty text"
                                        fieldDescription="Autocomplete description"
                                        fieldLabel="Autocomplete label"
                                        icon="coral-Icon--search">
                                        <options
                                            jcr:primaryType="nt:unstructured"
                                            sling:resourceType="granite/ui/components/foundation/form/autocomplete/list"
                                            src="/libs/cq/i18n/translator.i18npaths.html"/>
                                    </autocomplete>
                                    <checkbox
                                        jcr:primaryType="nt:unstructured"
                                        sling:resourceType="granite/ui/components/foundation/form/checkbox"
                                        checked="{Boolean}true"
                                        fieldDescription="Checkbox description"
                                        fieldLabel="Checkbox label"
                                        name="./checkbox-name"
                                        text="Checkbox text"/>
                                    <colorpicker
                                        jcr:primaryType="nt:unstructured"
                                        sling:resourceType="granite/ui/components/foundation/form/colorpicker"
                                        editType="{Boolean}true"
                                        fieldDescription="Colorpicker description"
                                        fieldLabel="Colorpicker label"
                                        name="./colorpicker-name"
                                        value="rgb(65,120,205)"/>
                                    <datepicker
                                        jcr:primaryType="nt:unstructured"
                                        sling:resourceType="granite/ui/components/foundation/form/datepicker"
                                        displayedFormat="YYYY-MM-DD"
                                        displayTimezoneMessage="{Boolean}true"
                                        fieldDescription="Datepicker description"
                                        fieldLabel="Datepicker label"
                                        name="./datepicker-name"
                                        type="datetime"
                                        value="2017-04-05T14:41:20+01:00"/>
                                    <decoratedtextfield
                                        jcr:primaryType="nt:unstructured"
                                        sling:resourceType="granite/ui/components/foundation/form/decoratedtextfield"
                                        emptyText="Decorated Textfield empty text"
                                        fieldDescription="Decorated Textfield description"
                                        fieldLabel="Decorated Textfield label"
                                        name="./decoratedtextfield-name"
                                        value="Decorated Textfield value"/>
                                    <fieldset
                                        jcr:primaryType="nt:unstructured"
                                        jcr:title="Fieldset legend"
                                        sling:resourceType="granite/ui/components/foundation/form/fieldset">
                                        <items jcr:primaryType="nt:unstructured">
                                            <hidden
                                                jcr:primaryType="nt:unstructured"
                                                sling:resourceType="granite/ui/components/foundation/form/hidden"
                                                disabled="{Boolean}true"
                                                name="./hidden-name"
                                                value="hidden-value"/>
                                            <numberfield
                                                jcr:primaryType="nt:unstructured"
                                                sling:resourceType="granite/ui/components/foundation/form/numberfield"
                                                fieldDescription="Numberfield description"
                                                fieldLabel="Numberfield label"
                                                max="9"
                                                min="2"
                                                name="./numberfield-name"
                                                step="1"
                                                value="7"/>
                                            <password
                                                jcr:primaryType="nt:unstructured"
                                                sling:resourceType="granite/ui/components/foundation/form/password"
                                                emptyText="Password empty text"
                                                fieldDescription="Password description"
                                                fieldLabel="Password label"
                                                name="./password-name"/>
                                            <pathbrowser
                                                jcr:primaryType="nt:unstructured"
                                                sling:resourceType="granite/ui/components/foundation/form/pathbrowser"
                                                emptyText="Pathbrowser empty text"
                                                fieldDescription="Pathbrowser description"
                                                fieldLabel="Pathbrowser label"
                                                name="./pathbrowser-name"
                                                pickerMultiselect="{Boolean}true"
                                                predicate="nosystem"/>
                                        </items>
                                    </fieldset>
                                    <fileupload
                                        jcr:primaryType="nt:unstructured"
                                        sling:resourceType="granite/ui/components/foundation/form/fileupload"
                                        emptyText="Fileupload empty text"
                                        fieldDescription="Fileupload description"
                                        fieldLabel="Fileupload label"
                                        icon="coral-Icon--search"
                                        multiple="{Boolean}false"
                                        name="./fileupload-name.sftmp"
                                        sizeLimit="100000000"
                                        text="Fileupload text"
                                        uploadUrl="will_be_replaced"/>
                                    <multifield
                                        jcr:primaryType="nt:unstructured"
                                        sling:resourceType="granite/ui/components/foundation/form/multifield"
                                        fieldDescription="Multifield description"
                                        fieldLabel="Multifield label">
                                        <field
                                            jcr:primaryType="nt:unstructured"
                                            sling:resourceType="granite/ui/components/foundation/form/textfield"
                                            name="./multifield-name"/>
                                    </multifield>
                                    <nestedcheckboxlist
                                        jcr:primaryType="nt:unstructured"
                                        sling:resourceType="granite/ui/components/foundation/form/nestedcheckboxlist">
                                        <items jcr:primaryType="nt:unstructured">
                                            <level1checkbox
                                                jcr:primaryType="nt:unstructured"
                                                sling:resourceType="granite/ui/components/foundation/form/checkbox"
                                                fieldDescription="Nestedcheckboxlist level 1 checkbox description"
                                                fieldLabel="Nestedcheckboxlist level 1 checkbox label"
                                                text="Nestedcheckboxlist level 1 checkbox text">
                                                <sublist
                                                    jcr:primaryType="nt:unstructured"
                                                    sling:resourceType="granite/ui/components/foundation/form/nestedcheckboxlist">
                                                    <items jcr:primaryType="nt:unstructured">
                                                        <level2checkbox1
                                                            jcr:primaryType="nt:unstructured"
                                                            sling:resourceType="granite/ui/components/foundation/form/checkbox"
                                                            fieldDescription="Nestedcheckboxlist level 2 checkbox 1 description"
                                                            fieldLabel="Nestedcheckboxlist level 2 checkbox 1 label"
                                                            text="Nestedcheckboxlist level 2 checkbox 1 text"/>
                                                        <level2checkbox2
                                                            jcr:primaryType="nt:unstructured"
                                                            sling:resourceType="granite/ui/components/foundation/form/checkbox"
                                                            fieldDescription="Nestedcheckboxlist level 2 checkbox 2 description"
                                                            fieldLabel="Nestedcheckboxlist level 2 checkbox 2 label"
                                                            text="Nestedcheckboxlist level 2 checkbox 2 text">
                                                            <sublist
                                                                jcr:primaryType="nt:unstructured"
                                                                sling:resourceType="granite/ui/components/foundation/form/nestedcheckboxlist"
                                                                disconnected="{Boolean}true">
                                                                <items jcr:primaryType="nt:unstructured">
                                                                    <level3checkbox1
                                                                        jcr:primaryType="nt:unstructured"
                                                                        sling:resourceType="granite/ui/components/foundation/form/checkbox"
                                                                        fieldDescription="Nestedcheckboxlist level 3 checkbox 1 description"
                                                                        fieldLabel="Nestedcheckboxlist level 3 checkbox 1 label"
                                                                        text="Nestedcheckboxlist level 3 checkbox 1 text"/>
                                                                    <level3checkbox2
                                                                        jcr:primaryType="nt:unstructured"
                                                                        sling:resourceType="granite/ui/components/foundation/form/checkbox"
                                                                        fieldDescription="Nestedcheckboxlist level 3 checkbox 2 description"
                                                                        fieldLabel="Nestedcheckboxlist level 3 checkbox 2 label"
                                                                        text="Nestedcheckboxlist level 3 checkbox 2 text"/>
                                                                </items>
                                                            </sublist>
                                                        </level2checkbox2>
                                                    </items>
                                                </sublist>
                                            </level1checkbox>
                                        </items>
                                    </nestedcheckboxlist>
                                    <radio
                                        jcr:primaryType="nt:unstructured"
                                        sling:resourceType="granite/ui/components/foundation/form/radio"
                                        text="Radio text"/>
                                    <radiogroup
                                        jcr:primaryType="nt:unstructured"
                                        sling:resourceType="granite/ui/components/foundation/form/radiogroup"
                                        fieldDescription="RadioGroup description"
                                        fieldLabel="RadioGroup label"
                                        name="./radiogroup-name"
                                        vertical="{Boolean}true">
                                        <items jcr:primaryType="nt:unstructured">
                                            <option1
                                                jcr:primaryType="nt:unstructured"
                                                sling:resourceType="granite/ui/components/foundation/form/radio"
                                                text="RadioGroup option 1"
                                                value="option1"/>
                                            <option2
                                                jcr:primaryType="nt:unstructured"
                                                sling:resourceType="granite/ui/components/foundation/form/radio"
                                                text="RadioGroup option 2"
                                                value="option2"/>
                                            <option3
                                                jcr:primaryType="nt:unstructured"
                                                sling:resourceType="granite/ui/components/foundation/form/radio"
                                                text="RadioGroup option 3"
                                                value="option3"/>
                                        </items>
                                    </radiogroup>
                                    <reset
                                        jcr:primaryType="nt:unstructured"
                                        sling:resourceType="granite/ui/components/foundation/form/reset"
                                        text="Reset"
                                        variant="primary"/>
                                    <select
                                        jcr:primaryType="nt:unstructured"
                                        sling:resourceType="granite/ui/components/foundation/form/select"
                                        emptyText="Select empty text"
                                        fieldDescription="Select description"
                                        fieldLabel="Select label"
                                        name="./select-name">
                                        <items jcr:primaryType="nt:unstructured">
                                            <option1
                                                jcr:primaryType="nt:unstructured"
                                                text="Option 1"
                                                value="option1"/>
                                            <option2
                                                jcr:primaryType="nt:unstructured"
                                                text="Option 2"
                                                value="option2"/>
                                            <option3
                                                jcr:primaryType="nt:unstructured"
                                                text="Option 3"
                                                value="option3"/>
                                        </items>
                                    </select>
                                    <submit
                                        jcr:primaryType="nt:unstructured"
                                        sling:resourceType="granite/ui/components/foundation/form/submit"
                                        text="Submit"
                                        variant="primary"/>
                                    <switch
                                        jcr:primaryType="nt:unstructured"
                                        sling:resourceType="granite/ui/components/foundation/form/switch"
                                        checked="{Boolean}true"
                                        fieldDescription="Switch description"
                                        fieldLabel="Switch label"
                                        name="./switch-name"/>
                                    <tags
                                        jcr:primaryType="nt:unstructured"
                                        sling:resourceType="granite/ui/components/foundation/form/autocomplete"
                                        emptyText="Tags empty text"
                                        fieldDescription="Tags description"
                                        fieldLabel="Tags label"
                                        multiple="{Boolean}true"
                                        name="./tags-name">
                                        <datasource
                                            jcr:primaryType="nt:unstructured"
                                            sling:resourceType="cq/gui/components/common/datasources/tags"/>
                                        <values
                                            jcr:primaryType="nt:unstructured"
                                            sling:resourceType="granite/ui/components/foundation/form/autocomplete/tags"/>
                                        <options
                                            jcr:primaryType="nt:unstructured"
                                            sling:resourceType="granite/ui/components/foundation/form/autocomplete/list"/>
                                    </tags>
                                    <textarea
                                        jcr:primaryType="nt:unstructured"
                                        sling:resourceType="granite/ui/components/foundation/form/textarea"
                                        emptyText="Textarea empty text"
                                        fieldDescription="Textarea description"
                                        fieldLabel="Textarea label"
                                        maxlength="80"
                                        name="./switch-textarea"
                                        value="Textarea value"/>
                                    <textfield
                                        jcr:primaryType="nt:unstructured"
                                        sling:resourceType="granite/ui/components/foundation/form/textfield"
                                        emptyText="Textfield empty text"
                                        fieldDescription="Textfield description"
                                        fieldLabel="Textfield label"
                                        maxlength="40"
                                        name="./textfield-name"
                                        value="Textfield value"/>
                                    <userpicker
                                        jcr:primaryType="nt:unstructured"
                                        sling:resourceType="granite/ui/components/foundation/form/userpicker"
                                        emptyText="Userpicker empty text"
                                        fieldDescription="Userpicker description"
                                        fieldLabel="Userpicker label"
                                        multiple="{Boolean}true"
                                        name="./userpicker-name"/>
                                </items>
                            </column>
                        </items>
                    </form>
                    <other
                        jcr:primaryType="nt:unstructured"
                        jcr:title="Other"
                        sling:resourceType="granite/ui/components/foundation/section">
                        <layout
                            jcr:primaryType="nt:unstructured"
                            sling:resourceType="granite/ui/components/foundation/layouts/fixedcolumns"
                            margin="{Boolean}false"/>
                        <items jcr:primaryType="nt:unstructured">
                            <column
                                jcr:primaryType="nt:unstructured"
                                sling:resourceType="granite/ui/components/foundation/container">
                                <items jcr:primaryType="nt:unstructured">
                                    <well
                                        jcr:primaryType="nt:unstructured"
                                        sling:resourceType="granite/ui/components/foundation/well">
                                        <items jcr:primaryType="nt:unstructured">
                                            <button
                                                jcr:primaryType="nt:unstructured"
                                                sling:resourceType="granite/ui/components/foundation/button"
                                                class="button-class-1 button-class-2"
                                                data-button-data-legacy="button-data-legacy"
                                                hidden="{Boolean}false"
                                                icon="coral-Icon--checkCircle"
                                                id="button-id"
                                                rel="button-rel"
                                                text="Button text"
                                                title="button-title"
                                                variant="primary">
                                                <granite:data
                                                    jcr:primaryType="nt:unstructured"
                                                    button-data="button-data"/>
                                                <granite:rendercondition
                                                    jcr:primaryType="nt:unstructured"
                                                    sling:resourceType="granite/ui/components/foundation/renderconditions/and">
                                                    <andCondition1
                                                        jcr:primaryType="nt:unstructured"
                                                        sling:resourceType="granite/ui/components/foundation/renderconditions/simple"
                                                        expression="{Boolean}true"/>
                                                    <andCondition2
                                                        jcr:primaryType="nt:unstructured"
                                                        sling:resourceType="granite/ui/components/foundation/renderconditions/simple"
                                                        expression="{Boolean}true"/>
                                                </granite:rendercondition>
                                            </button>
                                            <button2
                                                jcr:primaryType="nt:unstructured"
                                                sling:resourceType="granite/ui/components/foundation/button"
                                                text="This button shouldn't render">
                                                <granite:rendercondition
                                                    jcr:primaryType="nt:unstructured"
                                                    sling:resourceType="granite/ui/components/foundation/renderconditions/or">
                                                    <orCondition1
                                                        jcr:primaryType="nt:unstructured"
                                                        sling:resourceType="granite/ui/components/foundation/renderconditions/simple"
                                                        expression="{Boolean}false"/>
                                                    <orCondition2
                                                        jcr:primaryType="nt:unstructured"
                                                        sling:resourceType="granite/ui/components/foundation/renderconditions/simple"
                                                        expression="{Boolean}false"/>
                                                </granite:rendercondition>
                                            </button2>
                                            <heading
                                                jcr:primaryType="nt:unstructured"
                                                sling:resourceType="granite/ui/components/foundation/heading"
                                                level="2"
                                                text="Heading text"/>
                                            <hyperlink
                                                jcr:primaryType="nt:unstructured"
                                                sling:resourceType="granite/ui/components/foundation/hyperlink"
                                                href="https://www.adobe.com/go/aem6_2_docs_component_en"
                                                icon="coral-Icon--link"
                                                iconSize="L"
                                                text="Hyperlink text"/>
                                            <text
                                                jcr:primaryType="nt:unstructured"
                                                sling:resourceType="granite/ui/components/foundation/text"
                                                text="Text"/>
                                        </items>
                                    </well>
                                    <collapsible
                                        jcr:primaryType="nt:unstructured"
                                        jcr:title="Collapsible title"
                                        sling:resourceType="granite/ui/components/foundation/container"
                                        subtitle="Collapsible subtitle">
                                        <layout
                                            jcr:primaryType="nt:unstructured"
                                            sling:resourceType="granite/ui/components/foundation/layouts/collapsible"/>
                                        <items jcr:primaryType="nt:unstructured">
                                            <item1
                                                jcr:primaryType="nt:unstructured"
                                                sling:resourceType="granite/ui/components/foundation/text"
                                                text="Collapsible item 1"/>
                                            <item2
                                                jcr:primaryType="nt:unstructured"
                                                sling:resourceType="granite/ui/components/foundation/text"
                                                text="Collapsible item 2"/>
                                            <item3
                                                jcr:primaryType="nt:unstructured"
                                                sling:resourceType="granite/ui/components/foundation/text"
                                                text="Collapsible item 3"/>
                                        </items>
                                    </collapsible>
                                </items>
                            </column>
                        </items>
                    </other>
                </items>
            </content>
        </cq:dialog>
    </coral2>
</jcr:root>
