<?xml version="1.0" encoding="UTF-8"?>
<jcr:root xmlns:sling="http://sling.apache.org/jcr/sling/1.0" xmlns:jcr="http://www.jcp.org/jcr/1.0"
    jcr:primaryType="sling:OrderedFolder">
    <componentselector/>
    <button/>
    <checkbox/>
    <colorfield/>
    <combobox/>
    <datetime/>
    <fieldset/>
    <fileupload/>
    <hidden/>
    <numberfield/>
    <panel/>
    <password/>
    <pathfield/>
    <radio/>
    <radiogroup/>
    <select/>
    <sizefield/>
    <tabpanel/>
    <tags/>
    <textarea/>
    <textfield/>
</jcr:root>
